-- @author 巷北  
-- @time 2026-01-10 15:42:47  

INSERT INTO MembershipLevel (levelName, discountRate, requiredSpending, privileges) VALUES
('青铜会员', 1.00, 0.00, '无'),
('白银会员', 0.98, 500.00, '免费果盘/生日优惠'),
('黄金会员', 0.95, 2000.00, '延迟退房/房价9.5折'),
('白金会员', 0.90, 5000.00, '免费升级/优先预留'),
('钻石会员', 0.85, 15000.00, '专属客服/免费接送'),
('VIP', 0.80, 30000.00, '高级礼遇'),
('VIP_PLUS', 0.78, 50000.00, '更多权益'),
('企业客户', 0.92, 0.00, '协议价/账期'),
('员工内购', 0.70, 0.00, '员工专属折扣'),
('试用会员', 0.99, 0.00, '试用权');

INSERT INTO RoomType (name, bedType, maxOccupancy, basePrice, area, breakfastIncluded, remarks) VALUES
('经济单人间', '单人床', 1, 250.00, 15.00, FALSE, '适合单人短住'),
('标准双床房', '双床', 2, 350.00, 22.00, TRUE, ''),
('高级大床房', '大床', 2, 480.00, 28.00, TRUE, '带办公区'),
('商务大床房', '大床', 2, 520.00, 30.00, TRUE, '含高速办公桌'),
('家庭套房', '双床/大床', 4, 750.00, 55.00, TRUE, '带儿童床选项'),
('豪华套房', '大床', 2, 1200.00, 80.00, TRUE, '带客厅与厨房'),
('无障碍房', '大床', 2, 420.00, 25.00, TRUE, '无障碍通道'),
('双人标准间', '双床', 2, 400.00, 20.00, TRUE, ''),
('总统套房', '大床', 2, 5000.00, 220.00, TRUE, '顶层豪华'),
('青年背包间', '上下铺', 4, 180.00, 12.00, FALSE, '床位式，经济型');

INSERT INTO Room (roomId, roomTypeId, floor, status, discountEligible, description) VALUES
(101, 1, 1, '空闲', TRUE, '靠近电梯'),
(102, 1, 1, '空闲', FALSE, ''),
(103, 2, 1, '空闲', TRUE, '窗外朝向内庭'),
(104, 2, 1, '已预订', TRUE, ''),
(201, 3, 2, '空闲', TRUE, '带办公桌'),
(202, 3, 2, '已入住', TRUE, '靠窗'),
(203, 4, 2, '空闲', TRUE, ''),
(204, 4, 2, '维修中', FALSE, '浴室检修'),
(301, 5, 3, '空闲', TRUE, '家庭房，大且宽敞'),
(302, 5, 3, '已预订', TRUE, ''),
(303, 6, 3, '空闲', FALSE, ''),
(304, 6, 3, '空闲', FALSE, ''),
(401, 7, 4, '空闲', TRUE, ''),
(402, 7, 4, '空闲', TRUE, ''),
(403, 8, 4, '空闲', FALSE, '豪华套房'),
(404, 8, 4, '空闲', FALSE, ''),
(501, 9, 5, '空闲', TRUE, ''),
(502, 9, 5, '空闲', TRUE, ''),
(503, 10, 5, '空闲', FALSE, '背包客房'),
(504, 10, 5, '空闲', FALSE, ''),
(505, 2, 5, '空闲', TRUE, '备用标准双床'),
(506, 3, 5, '空闲', TRUE, '备用高级大床'),
(507, 1, 5, '空闲', TRUE, '');


INSERT INTO Employee (name, gender, phone, position, department, hireDate, username, password, permissionLevel) VALUES
-- 小组成员
('王千龙' ,'男', '15853378923', '管理员', '管理员', '1999-05-01', 'wangqianlong', '123456', '管理员'),
('闫凯杰', '男', '15853378924', '管理员', '管理员', '1999-05-01', 'yankaijie', '123456', '管理员'),
('张特尔', '男', '15853378925', '管理员', '管理员', '1999-05-01', 'zhangteer', '123456', '管理员'),
-- 老师
('老师', '男', '15853378926', '管理员', '管理员', '1999-05-01', 'teacher', '123456', '管理员'),

('张伟', '男', '13800010001', '前台接待', '前台', '2020-05-10', 'front_zhang', 'pwd_front_1', '普通员工'),
('李婷', '女', '13800010002', '前台主管', '前台', '2018-08-01', 'front_li', 'pwd_front_2', '主管'),
('王强', '男', '13800010003', '客房服务', '客房', '2019-03-15', 'room_wang', 'pwd_room_1', '普通员工'),
('赵敏', '女', '13800010004', '财务', '财务', '2017-11-20', 'acct_zhao', 'pwd_acct_1', '主管'),
('陈磊', '男', '13800010005', '维修工', '维修', '2016-07-07', 'maint_chen', 'pwd_maint_1', '普通员工'),
('刘洋', '男', '13800010006', '维修主管', '维修', '2015-02-01', 'maint_liu', 'pwd_maint_2', '主管'),
-- 开发组
('周超', '男', '13900020001', '后端开发', '开发组', '2024-03-01', 'dev_zhou', 'pwd_dev_zhou', '管理员'),
('吴倩', '女', '13900020002', '前端开发', '开发组', '2024-03-01', 'dev_wu', 'pwd_dev_wu', '普通员工'),
('高峰', '男', '13900020003', '测试工程师', '开发组', '2024-03-01', 'dev_gao', 'pwd_dev_gao', '普通员工'),
('何倩', '女', '13900020004', '产品经理', '开发组', '2024-03-01', 'dev_he', 'pwd_dev_he', '管理员'),
-- 另外补充若干运营/服务人员
('孙丽', '女', '13800010006', '客服', '客服', '2021-09-10', 'cs_sun', 'pwd_cs_1', '普通员工'),
('朱峰', '男', '13800010007', '库存主管', '后勤', '2019-12-05', 'ops_zhu', 'pwd_ops_1', '普通员工');

INSERT INTO Customer (name, idNumber, phone, gender, membershipLevelId, registrationDate, remarks) VALUES
('顾客甲', 'ID00000001', '15510000001', '男', 2, '2023-06-10 10:00:00', '常住客户'),
('顾客乙', 'ID00000002', '15510000002', '女', 3, '2022-02-15 09:30:00', ''),
('顾客丙', 'ID00000003', '15510000003', '男', 1, '2024-01-20 12:00:00', ''),
('顾客丁', 'ID00000004', '15510000004', '女', 4, '2021-11-05 08:10:00', '家庭出游'),
('顾客戊', 'ID00000005', '15510000005', '男', 5, '2020-07-22 14:20:00', ''),
('顾客己', 'ID00000006', '15510000006', '女', 6, '2019-03-03 16:00:00', '高价值客户'),
('顾客庚', 'ID00000007', '15510000007', '男', 7, '2024-09-01 11:11:00', ''),
('顾客辛', 'ID00000008', '15510000008', '女', 8, '2024-10-12 09:00:00', ''),
('顾客壬', 'ID00000009', '15510000009', '男', 9, '2023-04-18 10:05:00', ''),
('顾客癸', 'ID00000010', '15510000010', '女', 1, '2022-12-01 13:00:00', ''),
('测试用户A', 'IDTEST00011', '15610000011', '男', 10, '2025-01-05 09:00:00', '试用客户'),
('测试用户B', 'IDTEST00012', '15610000012', '女', 1, '2025-02-06 10:00:00', ''),
('团队成员1', 'IDTEAM0001', '15000000001', '男', 9, '2025-03-01 09:00:00', '组内成员-客户视角'),
('团队成员2', 'IDTEAM0002', '15000000002', '女', 9, '2025-03-01 09:05:00', '组内成员-客户视角'),
('临时访客', 'IDTEMP000', '15000000003', '其它', NULL, '2025-04-01 12:00:00', '无会员');

INSERT INTO Product (name, price, unit, description, status) VALUES
('瓶装水', 5.00, '瓶', '矿泉水500ml', '在售'),
('迷你吧—啤酒', 20.00, '瓶', '小瓶啤酒', '在售'),
('迷你吧—可乐', 10.00, '罐', '可乐330ml', '在售'),
('巧克力', 15.00, '块', '进口巧克力', '在售'),
('加湿器租赁', 40.00, '天', '便携式', '在售'),
('牙刷套装', 8.00, '套', '一次性', '在售'),
('洗衣服务-单件', 12.00, '件', '单件洗熨', '在售'),
('早餐代购', 60.00, '份', '拼盘自选', '在售'),
('机场接送-单程', 150.00, '次', '可预订', '在售'),
('枕头升级', 30.00, '个', '记忆棉枕', '在售'),
('加床服务', 120.00, '次', '含床品', '在售'),
('迷你吧—薯片', 12.00, '袋', '小包装', '在售');

INSERT INTO Service (name, price, unit, description, status) VALUES
('客房清洁', 30.00, '次', '标准清洁服务', '启用'),
('延迟退房', 80.00, '小时', '最多延迟至17:00', '启用'),
('叫醒服务', 0.00, '次', '免费', '启用'),
('早餐服务', 60.00, '次', '早餐送房', '启用'),
('会议室租赁（半天）', 300.00, '次', '含茶歇', '启用'),
('洗衣服务-快洗', 25.00, '件', '当日取回', '启用'),
('房间布置（鲜花）', 200.00, '次', '节日/纪念日', '启用'),
('租车服务', 800.00, '次', '日租', '启用'),
('儿童床位', 50.00, '次', '含床品', '启用'),
('宠物照料', 100.00, '次', '仅限小型宠物', '启用'),
('私人管家', 500.00, '次', '24小时服务', '停用'),
('桑拿/SPA', 300.00, '次', '单人SPA', '启用');

INSERT INTO Reservation (customerId, roomTypeId, reservedRoomCount, checkInDate, checkOutDate, status, depositAmount, remark) VALUES
(1, 2, 1, '2025-06-10', '2025-06-12', '已预订', 200.00, '商务出差'),
(2, 3, 1, '2025-06-15', '2025-06-17', '已取消', 0.00, '改期'),
(3, 1, 1, '2025-07-01', '2025-07-02', '已预订', 50.00, ''),
(4, 5, 1, '2025-08-20', '2025-08-24', '已预订', 500.00, '家庭出游'),
(5, 8, 1, '2025-09-10', '2025-09-12', '已预订', 1000.00, '节假日'),
(6, 6, 1, '2025-05-05', '2025-05-06', '已入住', 100.00, '当天到店'),
(7, 2, 2, '2025-04-01', '2025-04-03', '已入住', 300.00, '团体'),
(8, 4, 1, '2025-03-10', '2025-03-12', '已预订', 200.00, ''),
(9, 3, 1, '2025-02-15', '2025-02-16', '已预订', 150.00, ''),
(10, 1, 1, '2025-01-10', '2025-01-11', '已预订', 50.00, ''),
(11, 9, 1, '2025-07-20', '2025-07-22', '已预订', 0.00, '团队体验'),
(12, 5, 1, '2025-07-01', '2025-07-03', '已预订', 200.00, '');

INSERT INTO Stay (reservationId, customerId, roomId, checkInTime, plannedCheckOutTime, actualCheckOutTime, guestCount, depositAmount, status, staffId) VALUES
(6, 6, 202, '2025-05-05 14:00:00', '2025-05-06 12:00:00', '2025-05-06 11:20:00', 1, 100.00, '已退房', 1),
(7, 7, 103, '2025-04-01 15:00:00', '2025-04-03 12:00:00', '2025-04-03 10:30:00', 2, 300.00, '已退房', 2),
(NULL, 3, 101, '2025-07-01 15:30:00', '2025-07-02 12:00:00', NULL, 1, 50.00, '在住', 1),
(NULL, 13, 301, '2025-03-05 12:00:00', '2025-03-07 12:00:00', '2025-03-07 11:50:00', 3, 200.00, '已退房', 1),
(1, 1, 104, '2025-06-10 15:00:00', '2025-06-12 12:00:00', NULL, 1, 200.00, '在住', 2),
(5, 5, 303, '2025-09-10 14:00:00', '2025-09-12 12:00:00', NULL, 2, 1000.00, '在住', 2),
(11, 11, 403, '2025-07-20 15:00:00', '2025-07-22 12:00:00', NULL, 2, 0.00, '在住', 1),
(NULL, 14, 302, '2025-02-01 11:00:00', '2025-02-02 12:00:00', '2025-02-02 11:00:00', 1, 50.00, '已退房', 1),
(3, 3, 102, '2025-07-01 14:30:00', '2025-07-02 12:00:00', NULL, 1, 50.00, '在住', 2),
(4, 4, 301, '2025-08-20 15:00:00', '2025-08-24 12:00:00', NULL, 4, 500.00, '在住', 2),
(8, 8, 204, '2025-03-10 15:00:00', '2025-03-12 12:00:00', NULL, 1, 200.00, '在住', 1),
(9, 9, 201, '2025-02-15 13:00:00', '2025-02-16 12:00:00', '2025-02-16 10:00:00', 1, 150.00, '已退房', 1);

INSERT INTO ConsumptionRecord (checkInId, type, amount, time, remarks, serviceId, productId) VALUES
(1, '餐饮', 60.00, '2025-05-05 19:00:00', '晚餐', 10, NULL),
(1, '商品', 5.00, '2025-05-05 21:00:00', '矿泉水', NULL, 1),
(2, '服务', 30.00, '2025-04-02 09:00:00', '房间清洁', 8, NULL),
(2, '餐饮', 120.00, '2025-04-02 19:00:00', '两人晚餐', 9, NULL),
(3, '商品', 20.00, '2025-07-01 20:00:00', '啤酒', NULL, 2),
(3, '服务', 80.00, '2025-07-02 10:00:00', '延迟退房', 12, NULL),
(4, '餐饮', 180.00, '2025-03-06 12:30:00', '家庭午餐', 1, NULL),
(4, '商品', 15.00, '2025-03-06 13:00:00', '巧克力', NULL, 4),
(5, '商品', 150.00, '2025-06-11 15:00:00', '机场接送', NULL, 9),
(5, '服务', 200.00, '2025-06-11 16:00:00', '房间布置', 11, NULL),
(6, '商品', 60.00, '2025-09-10 08:00:00', '早餐代购', NULL, 8),
(6, '服务', 25.00, '2025-09-11 09:00:00', '洗衣快洗', 8, NULL),
(7, '商品', 12.00, '2025-07-20 10:00:00', '薯片', NULL, 12),
(7, '商品', 5.00, '2025-07-21 08:00:00', '矿泉水', NULL, 1),
(8, '服务', 300.00, '2025-03-11 10:00:00', '会议室租赁', 7, NULL),
(9, '服务', 0.00, '2025-02-16 08:00:00', '叫醒服务', 5, NULL),
(10, '商品', 8.00, '2025-01-10 14:00:00', '牙刷套装', NULL, 6),
(11, '服务', 50.00, '2025-07-21 09:00:00', '儿童床位', 1, NULL),
(12, '商品', 120.00, '2025-07-02 20:00:00', '加床', NULL, 11),
(3, '商品', 10.00, '2025-07-01 22:00:00', '可乐', NULL, 3),
(5, '服务', 60.00, '2025-06-12 09:00:00', '早餐服务', 6, NULL),
(4, '商品', 40.00, '2025-03-06 15:00:00', '洗衣服务', NULL, 7);

INSERT INTO Bill (checkInId, roomCharge, consumptionCharge, otherCharge, discountAmount, totalAmount, paymentStatus, createdTime, settledTime) VALUES
(1, 520.00, 65.00, 0.00, 0.00, 585.00, '已支付', '2025-05-06 11:30:00', '2025-05-06 11:30:00'),
(2, 700.00, 150.00, 0.00, 70.00, 780.00, '已支付', '2025-04-03 11:00:00', '2025-04-03 11:00:00'),
(3, 250.00, 100.00, 0.00, 0.00, 350.00, '未支付', '2025-07-02 12:30:00', NULL),
(4, 360.00, 235.00, 0.00, 0.00, 595.00, '已支付', '2025-03-07 12:00:00', '2025-03-07 12:00:00'),
(5, 4800.00, 350.00, 0.00, 480.00, 4670.00, '部分支付', '2025-06-12 10:00:00', NULL),
(6, 520.00, 85.00, 0.00, 0.00, 605.00, '未支付', '2025-09-12 13:00:00', NULL),
(7, 5000.00, 17.00, 0.00, 0.00, 5017.00, '未支付', '2025-07-22 12:00:00', NULL),
(8, 420.00, 300.00, 0.00, 0.00, 720.00, '未支付', '2025-02-02 12:10:00', '2025-02-02 12:10:00'),
(9, 480.00, 10.00, 0.00, 0.00, 490.00, '已支付', '2025-07-02 12:10:00', '2025-07-02 12:20:00'),
(10, 250.00, 8.00, 0.00, 0.00, 258.00, '已支付', '2025-01-11 13:00:00', '2025-01-11 13:10:00'),
(11, 1200.00, 17.00, 0.00, 0.00, 1217.00, '未支付', '2025-07-22 12:00:00', NULL),
(12, 520.00, 145.00, 0.00, 0.00, 665.00, '已支付', '2025-03-07 13:00:00', '2025-03-07 13:30:00');

INSERT INTO Payment (billId, paidAmount, paymentMethod, paymentTime, operatorId, remarks) VALUES
(1, 585.00, '微信', '2025-05-06 11:31:00', 4, '线上支付'),
(2, 780.00, '银行卡', '2025-04-03 11:02:00', 4, '公司报销'),
(3, 0.00, '现金', '2025-07-02 12:40:00', 1, '待结算'), -- 说明：暂写0做示例，实际业务上不会写 0
(4, 595.00, '现金', '2025-03-07 12:05:00', 1, '现场支付'),
(5, 1000.00, '微信', '2025-06-12 09:00:00', 2, '部分预付'),
(5, 3670.00, '银行卡', '2025-06-12 10:30:00', 4, '余款'),
(6, 0.00, '现金', '2025-09-12 13:15:00', 1, '尚未支付'),
(7, 0.00, '微信', '2025-07-22 12:10:00', 1, '尚未支付'),
(8, 720.00, '支付宝', '2025-02-02 12:12:00', 2, '线上'),
(9, 490.00, '现金', '2025-07-02 12:25:00', 1, '现场支付'),
(10, 258.00, '微信', '2025-01-11 13:05:00', 2, '线上支付'),
(12, 665.00, '银行卡', '2025-03-07 13:32:00', 4, '公司结算');

INSERT INTO Maintenance (roomId, employeeId, startTime, endTime, problemDescription, status) VALUES
(204, 5, '2025-03-10 09:00:00', '2025-03-11 16:00:00', '浴室水管渗漏', '已完成'),
(303, 6, '2025-09-11 09:00:00', NULL, '空调噪音', '进行中'),
(401, 5, '2025-05-02 08:00:00', '2025-05-02 12:00:00', '插座维修', '已完成'),
(402, 5, '2025-06-20 10:00:00', '2025-06-20 15:00:00', '门锁更换', '已完成'),
(101, 6, '2025-07-01 09:00:00', '2025-07-01 11:00:00', '电视无法开机', '已完成'),
(302, 5, '2025-02-02 09:00:00', '2025-02-02 11:30:00', '床垫更换', '已完成'),
(503, 6, '2025-08-10 08:30:00', NULL, '灯具故障', '进行中'),
(504, 6, '2025-08-12 10:00:00', '2025-08-12 12:00:00', '窗帘轨道修理', '已完成'),
(506, 5, '2025-09-01 09:00:00', '2025-09-01 13:00:00', '浴室门铰链', '已完成'),
(505, 5, '2025-04-15 10:00:00', '2025-04-15 12:30:00', '空调滤网清洁', '已完成');
